"藩","藩庁所在地","石高","NDLデジコレ","lon","lat","ウィキペディア"
"水戸藩","茨城県水戸市三の丸",350000,"http://dl.ndl.go.jp/info:ndljp/pid/1177382/137",140.47722,36.37539,"https://ja.wikipedia.org/wiki/水戸藩"
"紀州藩","和歌山県和歌山市一番丁",555000,"http://dl.ndl.go.jp/info:ndljp/pid/1177382/137",135.17177,34.22906,"https://ja.wikipedia.org/wiki/紀州藩"
"尾張藩","愛知県名古屋市中区本丸",619500,"http://dl.ndl.go.jp/info:ndljp/pid/1177382/137",136.899,35.18548,"https://ja.wikipedia.org/wiki/尾張藩"
"彦根藩","滋賀県彦根市金亀町",200000,"http://dl.ndl.go.jp/info:ndljp/pid/1177382/137",136.25237,35.27692,"https://ja.wikipedia.org/wiki/彦根藩"
"与板藩","新潟県長岡市与板町与板",20000,"http://dl.ndl.go.jp/info:ndljp/pid/1177382/137",138.80983,37.5438,"https://ja.wikipedia.org/wiki/与板藩"
"淀藩","京都府京都市伏見区淀本町",102000,"http://dl.ndl.go.jp/info:ndljp/pid/1177382/137",135.71841,34.9063,"https://ja.wikipedia.org/wiki/淀藩"
"館山藩","千葉県館山市館山",10000,"http://dl.ndl.go.jp/info:ndljp/pid/1177382/137",139.85643,34.98469,"https://ja.wikipedia.org/wiki/館山藩"
"臼杵藩","大分県臼杵市臼杵",50060,"http://dl.ndl.go.jp/info:ndljp/pid/1177382/137",131.80482,33.12556,"https://ja.wikipedia.org/wiki/臼杵藩"
"伊勢亀山藩","三重県亀山市本丸町",60000,"http://dl.ndl.go.jp/info:ndljp/pid/1177382/137",136.4516,34.85615,"https://ja.wikipedia.org/wiki/伊勢亀山藩"
"下館藩","茨城県筑西市甲",20000,"http://dl.ndl.go.jp/info:ndljp/pid/1177382/137",139.97809,36.31158,"https://ja.wikipedia.org/wiki/下館藩"
"浜松藩","静岡県浜松市中区元城町",60000,"http://dl.ndl.go.jp/info:ndljp/pid/1177382/137",137.72655,34.71084,"https://ja.wikipedia.org/wiki/浜松藩"
"下妻藩","茨城県下妻市下妻甲",10000,"http://dl.ndl.go.jp/info:ndljp/pid/1177382/137",139.96173,36.18668,"https://ja.wikipedia.org/wiki/下妻藩"
"高岡藩","千葉県成田市高岡",10000,"http://dl.ndl.go.jp/info:ndljp/pid/1177382/137",140.35477,35.87891,"https://ja.wikipedia.org/wiki/高岡藩"
"備中松山藩","岡山県高梁市内山下",50000,"http://dl.ndl.go.jp/info:ndljp/pid/1177382/137",133.61794,34.8017,"https://ja.wikipedia.org/wiki/備中松山藩"
"福島藩","福島県福島市杉妻町",30000,"http://dl.ndl.go.jp/info:ndljp/pid/1177382/137",140.46889,37.75095,"https://ja.wikipedia.org/wiki/福島藩"
"安中藩","群馬県安中市安中三丁目",30000,"http://dl.ndl.go.jp/info:ndljp/pid/1177382/137",138.89603,36.32949,"https://ja.wikipedia.org/wiki/安中藩"
"庭瀬藩","岡山県岡山市北区庭瀬",20000,"http://dl.ndl.go.jp/info:ndljp/pid/1177382/137",133.8504,34.6466,"https://ja.wikipedia.org/wiki/庭瀬藩"
"飫肥藩","宮崎県日南市飫肥",51080,"http://dl.ndl.go.jp/info:ndljp/pid/1177382/137",131.35742,31.62466,"https://ja.wikipedia.org/wiki/飫肥藩"
"岡田藩","岡山県倉敷市真備町岡田",10343,"http://dl.ndl.go.jp/info:ndljp/pid/1177382/137",133.70502,34.65131,"https://ja.wikipedia.org/wiki/岡田藩"
"鳥羽藩","三重県鳥羽市鳥羽",30000,"http://dl.ndl.go.jp/info:ndljp/pid/1177382/138",136.8394,34.48714,"https://ja.wikipedia.org/wiki/鳥羽藩"
"山上藩","滋賀県東近江市山上町",13043,"http://dl.ndl.go.jp/info:ndljp/pid/1177382/138",136.30122,35.07848,"https://ja.wikipedia.org/wiki/山上藩"
"亀田藩","秋田県由利本荘市岩城下蛇田",20000,"http://dl.ndl.go.jp/info:ndljp/pid/1177382/138",140.08806,39.49128,"https://ja.wikipedia.org/wiki/亀田藩"
"仁正寺藩","滋賀県蒲生郡日野町大字西大路",17004,"http://dl.ndl.go.jp/info:ndljp/pid/1177382/138",136.2744,35.00847,"https://ja.wikipedia.org/wiki/仁正寺藩"
"本荘藩","秋田県由利本荘市尾崎",20021,"http://dl.ndl.go.jp/info:ndljp/pid/1177382/138",140.04816,39.38548,"https://ja.wikipedia.org/wiki/本荘藩"
"請西藩","千葉県木更津市請西",10000,"http://dl.ndl.go.jp/info:ndljp/pid/1177382/138",139.93697,35.37569,"https://ja.wikipedia.org/wiki/請西藩"
"二本松藩","福島県二本松市郭内",100700,"http://dl.ndl.go.jp/info:ndljp/pid/1177382/138",140.43739,37.59592,"https://ja.wikipedia.org/wiki/二本松藩"
"三草藩","兵庫県加東市上三草",10000,"http://dl.ndl.go.jp/info:ndljp/pid/1177382/138",135.00323,34.93645,"https://ja.wikipedia.org/wiki/三草藩"
"横須賀藩","静岡県掛川市西大渕",35000,"http://dl.ndl.go.jp/info:ndljp/pid/1177382/138",137.99187,34.68934,"https://ja.wikipedia.org/wiki/横須賀藩"
"熊本藩","熊本県熊本市中央区本丸",540000,"http://dl.ndl.go.jp/info:ndljp/pid/1177382/138",130.70616,32.80472,"https://ja.wikipedia.org/wiki/熊本藩"
"宇土藩","熊本県宇土市新小路町",30000,"http://dl.ndl.go.jp/info:ndljp/pid/1177382/138",130.66289,32.68317,"https://ja.wikipedia.org/wiki/宇土藩"
"谷田部藩","茨城県つくば市谷田部",16039,"http://dl.ndl.go.jp/info:ndljp/pid/1177382/138",140.06508,36.02548,"https://ja.wikipedia.org/wiki/谷田部藩"
"佐倉藩","千葉県佐倉市城内町",110000,"http://dl.ndl.go.jp/info:ndljp/pid/1177382/138",140.2191,35.72234,"https://ja.wikipedia.org/wiki/佐倉藩"
"佐野藩","栃木県佐野市植下町",16000,"http://dl.ndl.go.jp/info:ndljp/pid/1177382/138",139.57812,36.29437,"https://ja.wikipedia.org/wiki/佐野藩"
"近江宮川藩","滋賀県長浜市宮司町",13000,"http://dl.ndl.go.jp/info:ndljp/pid/1177382/138",136.29262,35.38233,"https://ja.wikipedia.org/wiki/近江宮川藩"
"膳所藩","滋賀県大津市本丸町",60000,"http://dl.ndl.go.jp/info:ndljp/pid/1177382/138",135.89284,34.99379,"https://ja.wikipedia.org/wiki/膳所藩"
"岡崎藩","愛知県岡崎市康生町",50000,"http://dl.ndl.go.jp/info:ndljp/pid/1177382/139",137.15727,34.95686,"https://ja.wikipedia.org/wiki/岡崎藩"
"田中藩","静岡県藤枝市田中",40000,"http://dl.ndl.go.jp/info:ndljp/pid/1177382/139",138.27458,34.87103,"https://ja.wikipedia.org/wiki/田中藩"
"泉藩","福島県いわき市泉町",20000,"http://dl.ndl.go.jp/info:ndljp/pid/1177382/139",140.85728,36.95321,"https://ja.wikipedia.org/wiki/泉藩"
"飯山藩","長野県飯山市飯山",20000,"http://dl.ndl.go.jp/info:ndljp/pid/1177382/139",138.35829,36.8503,"https://ja.wikipedia.org/wiki/飯山藩"
"神戸藩","三重県鈴鹿市神戸",15000,"http://dl.ndl.go.jp/info:ndljp/pid/1177382/139",136.58334,34.88082,"https://ja.wikipedia.org/wiki/神戸藩"
"山崎藩","兵庫県宍粟市山崎町鹿沢",10000,"http://dl.ndl.go.jp/info:ndljp/pid/1177382/139",134.53946,35.00403,"https://ja.wikipedia.org/wiki/山崎藩"
"村松藩","新潟県五泉市村松乙",30000,"http://dl.ndl.go.jp/info:ndljp/pid/1177382/139",139.17575,37.69565,"https://ja.wikipedia.org/wiki/村松藩"
"信濃飯田藩","長野県飯田市追手町",15000,"http://dl.ndl.go.jp/info:ndljp/pid/1177382/139",137.82642,35.51394,"https://ja.wikipedia.org/wiki/信濃飯田藩"
"須坂藩","長野県須坂市大字須坂",10053,"http://dl.ndl.go.jp/info:ndljp/pid/1177382/139",138.30896,36.65745,"https://ja.wikipedia.org/wiki/須坂藩"
"椎谷藩","新潟県柏崎市椎谷",10000,"http://dl.ndl.go.jp/info:ndljp/pid/1177382/139",138.62396,37.47733,"https://ja.wikipedia.org/wiki/椎谷藩"
"飯野藩","千葉県富津市下飯野",20000,"http://dl.ndl.go.jp/info:ndljp/pid/1177382/139",139.85306,35.30943,"https://ja.wikipedia.org/wiki/飯野藩"
"高富藩","岐阜県山県市高富",10000,"http://dl.ndl.go.jp/info:ndljp/pid/1177382/139",136.79465,35.49645,"https://ja.wikipedia.org/wiki/高富藩"
"狭山藩","大阪府大阪狭山市狭山",10000,"http://dl.ndl.go.jp/info:ndljp/pid/1177382/139",135.55659,34.5032,"https://ja.wikipedia.org/wiki/狭山藩"
"津藩","三重県津市丸之内",323950,"http://dl.ndl.go.jp/info:ndljp/pid/1177382/139",136.50674,34.71628,"https://ja.wikipedia.org/wiki/津藩"
"久居藩","三重県津市久居西鷹跡町",53000,"http://dl.ndl.go.jp/info:ndljp/pid/1177382/139",136.46262,34.6761,"https://ja.wikipedia.org/wiki/久居藩"
"大垣藩","岐阜県大垣市郭町二丁目",100000,"http://dl.ndl.go.jp/info:ndljp/pid/1177382/139",136.61681,35.36074,"https://ja.wikipedia.org/wiki/大垣藩"
"宇都宮藩","栃木県宇都宮市本丸町",77850,"http://dl.ndl.go.jp/info:ndljp/pid/1177382/139",139.88591,36.55449,"https://ja.wikipedia.org/wiki/宇都宮藩"
"足利藩","栃木県足利市雪輪町",11000,"http://dl.ndl.go.jp/info:ndljp/pid/1177382/139",139.44899,36.33762,"https://ja.wikipedia.org/wiki/足利藩"
"大垣新田藩","愛知県田原市福江町",10000,"http://dl.ndl.go.jp/info:ndljp/pid/1177382/140",137.1002,34.62752,"https://ja.wikipedia.org/wiki/大垣新田藩"
"古河藩","茨城県古河市中央町",80000,"http://dl.ndl.go.jp/info:ndljp/pid/1177382/140",139.70322,36.19593,"https://ja.wikipedia.org/wiki/古河藩"
"大野藩","福井県大野市城町",40000,"http://dl.ndl.go.jp/info:ndljp/pid/1177382/140",136.48512,35.98637,"https://ja.wikipedia.org/wiki/大野藩"
"刈谷藩","愛知県刈谷市城町",23000,"http://dl.ndl.go.jp/info:ndljp/pid/1177382/140",136.98581,34.98841,"https://ja.wikipedia.org/wiki/刈谷藩"
"新庄藩","山形県新庄市堀端町",68200,"http://dl.ndl.go.jp/info:ndljp/pid/1177382/140",140.29247,38.76764,"https://ja.wikipedia.org/wiki/新庄藩"
"沼田藩","群馬県沼田市西倉内町",35000,"http://dl.ndl.go.jp/info:ndljp/pid/1177382/140",139.0419,36.6478,"https://ja.wikipedia.org/wiki/沼田藩"
"壬生藩","栃木県下都賀郡壬生町本丸一丁目",30000,"http://dl.ndl.go.jp/info:ndljp/pid/1177382/140",139.79753,36.42918,"https://ja.wikipedia.org/wiki/壬生藩"
"苗木藩","岐阜県中津川市苗木",10021,"http://dl.ndl.go.jp/info:ndljp/pid/1177382/140",137.47107,35.524,"https://ja.wikipedia.org/wiki/苗木藩"
"小倉藩","福岡県北九州市小倉北区城内",150000,"http://dl.ndl.go.jp/info:ndljp/pid/1177382/140",130.87138,33.88237,"https://ja.wikipedia.org/wiki/小倉藩"
"唐津藩","佐賀県唐津市東城内",60000,"http://dl.ndl.go.jp/info:ndljp/pid/1177382/140",129.97615,33.4533,"https://ja.wikipedia.org/wiki/唐津藩"
"越前勝山藩","福井県勝山市元町",22770,"http://dl.ndl.go.jp/info:ndljp/pid/1177382/140",136.50334,36.0596,"https://ja.wikipedia.org/wiki/越前勝山藩"
"安志藩","兵庫県姫路市安富町安志",10000,"http://dl.ndl.go.jp/info:ndljp/pid/1177382/140",134.59361,34.98723,"https://ja.wikipedia.org/wiki/安志藩"
"小田原藩","神奈川県小田原市城内",113129,"http://dl.ndl.go.jp/info:ndljp/pid/1177382/140",139.15569,35.25124,"https://ja.wikipedia.org/wiki/小田原藩"
"烏山藩","栃木県那須烏山市城山",30000,"http://dl.ndl.go.jp/info:ndljp/pid/1177382/140",140.14632,36.66143,"https://ja.wikipedia.org/wiki/烏山藩"
"荻野山中藩","神奈川県厚木市下荻野",13000,"http://dl.ndl.go.jp/info:ndljp/pid/1177382/140",139.3342,35.48111,"https://ja.wikipedia.org/wiki/荻野山中藩"
"中津藩","大分県中津市",100000,"http://dl.ndl.go.jp/info:ndljp/pid/1177382/140",131.18884,33.59924,"https://ja.wikipedia.org/wiki/中津藩"
"岸和田藩","大阪府岸和田市岸城町",53000,"http://dl.ndl.go.jp/info:ndljp/pid/1177382/140",135.37074,34.45901,"https://ja.wikipedia.org/wiki/岸和田藩"
"掛川藩","静岡県掛川市掛川",50037,"http://dl.ndl.go.jp/info:ndljp/pid/1177382/140",138.0168,34.77548,"https://ja.wikipedia.org/wiki/掛川藩"
"大村藩","長崎県大村市玖島",27970,"http://dl.ndl.go.jp/info:ndljp/pid/1177382/141",129.96194,32.89899,"https://ja.wikipedia.org/wiki/大村藩"
"岩槻藩","埼玉県さいたま市岩槻区太田三丁目",23000,"http://dl.ndl.go.jp/info:ndljp/pid/1177382/141",139.7104,35.9514,"https://ja.wikipedia.org/wiki/岩槻藩"
"西大平藩","愛知県岡崎市大平町",10000,"http://dl.ndl.go.jp/info:ndljp/pid/1177382/141",137.1931,34.93959,"https://ja.wikipedia.org/wiki/西大平藩"
"天童藩","山形県天童市田鶴町",20000,"http://dl.ndl.go.jp/info:ndljp/pid/1177382/141",140.36948,38.35654,"https://ja.wikipedia.org/wiki/天童藩"
"丹波柏原藩","兵庫県丹波市柏原町柏原",20000,"http://dl.ndl.go.jp/info:ndljp/pid/1177382/141",135.07146,35.13374,"https://ja.wikipedia.org/wiki/丹波柏原藩"
"芝村藩","奈良県桜井市芝",10000,"http://dl.ndl.go.jp/info:ndljp/pid/1177382/141",135.83937,34.53424,"https://ja.wikipedia.org/wiki/芝村藩"
"柳本藩","奈良県天理市柳本町",10000,"http://dl.ndl.go.jp/info:ndljp/pid/1177382/141",135.84245,34.55904,"https://ja.wikipedia.org/wiki/柳本藩"
"黒羽藩","栃木県大田原市前田",18000,"http://dl.ndl.go.jp/info:ndljp/pid/1177382/141",140.12851,36.87061,"https://ja.wikipedia.org/wiki/黒羽藩"
"大田原藩","栃木県大田原市城山",11416,"http://dl.ndl.go.jp/info:ndljp/pid/1177382/141",140.03085,36.86584,"https://ja.wikipedia.org/wiki/大田原藩"
"龍野藩","兵庫県たつの市龍野町上霞城",51089,"http://dl.ndl.go.jp/info:ndljp/pid/1177382/141",134.54407,34.86729,"https://ja.wikipedia.org/wiki/龍野藩"
"大溝藩","滋賀県高島市勝野",20001,"http://dl.ndl.go.jp/info:ndljp/pid/1177382/141",136.01086,35.29684,"https://ja.wikipedia.org/wiki/大溝藩"
"伯太藩","大阪府和泉市伯太町",13520,"http://dl.ndl.go.jp/info:ndljp/pid/1177382/141",135.43968,34.49182,"https://ja.wikipedia.org/wiki/伯太藩"
"大洲藩","愛媛県大洲市大洲",60000,"http://dl.ndl.go.jp/info:ndljp/pid/1177382/141",132.54442,33.50578,"https://ja.wikipedia.org/wiki/大洲藩"
"水口藩","滋賀県甲賀市水口町水口",25000,"http://dl.ndl.go.jp/info:ndljp/pid/1177382/141",136.19214,34.97905,"https://ja.wikipedia.org/wiki/水口藩"
"新谷藩","愛媛県大洲市新谷町",10000,"http://dl.ndl.go.jp/info:ndljp/pid/1177382/141",132.59895,33.53703,"https://ja.wikipedia.org/wiki/新谷藩"
"津和野藩","島根県鹿足郡津和野町後田",40000,"http://dl.ndl.go.jp/info:ndljp/pid/1177382/141",131.77368,34.47006,"https://ja.wikipedia.org/wiki/津和野藩"
"一宮藩","千葉県長生郡一宮町一宮",13000,"http://dl.ndl.go.jp/info:ndljp/pid/1177382/141",140.37791,35.3722,"https://ja.wikipedia.org/wiki/一宮藩"
"小泉藩","奈良県大和郡山市小泉町",11129,"http://dl.ndl.go.jp/info:ndljp/pid/1177382/141",135.75604,34.62766,"https://ja.wikipedia.org/wiki/小泉藩"
"六浦藩","神奈川県横浜市金沢区六浦",12000,"http://dl.ndl.go.jp/info:ndljp/pid/1177382/142",139.61877,35.325,"https://ja.wikipedia.org/wiki/六浦藩"
"長瀞藩","山形県東根市大字長瀞",11000,"http://dl.ndl.go.jp/info:ndljp/pid/1177382/142",140.37941,38.45835,"https://ja.wikipedia.org/wiki/長瀞藩"
"柳河藩","福岡県柳川市本城町",109647,"http://dl.ndl.go.jp/info:ndljp/pid/1177382/142",130.40181,33.16123,"https://ja.wikipedia.org/wiki/柳河藩"
"下手渡藩","福島県伊達市月舘町下手渡",10000,"http://dl.ndl.go.jp/info:ndljp/pid/1177382/142",140.60832,37.72058,"https://ja.wikipedia.org/wiki/下手渡藩"
"宇和島藩","愛媛県宇和島市丸之内",100000,"http://dl.ndl.go.jp/info:ndljp/pid/1177382/142",132.56531,33.21996,"https://ja.wikipedia.org/wiki/宇和島藩"
"伊予吉田藩","愛媛県宇和島市吉田町立間尻",30000,"http://dl.ndl.go.jp/info:ndljp/pid/1177382/142",132.54527,33.27343,"https://ja.wikipedia.org/wiki/伊予吉田藩"
"一関藩","岩手県一関市城内",30000,"http://dl.ndl.go.jp/info:ndljp/pid/1177382/142",141.13095,38.92677,"https://ja.wikipedia.org/wiki/一関藩"
"山家藩","京都府綾部市広瀬町",10082,"http://dl.ndl.go.jp/info:ndljp/pid/1177382/142",135.32455,35.29761,"https://ja.wikipedia.org/wiki/山家藩"
"丹南藩","大阪府松原市丹南三丁目",10000,"http://dl.ndl.go.jp/info:ndljp/pid/1177382/142",135.55644,34.55831,"https://ja.wikipedia.org/wiki/丹南藩"
"相良藩","静岡県牧之原市相良",10000,"http://dl.ndl.go.jp/info:ndljp/pid/1177382/142",138.20461,34.68507,"https://ja.wikipedia.org/wiki/相良藩"
"林田藩","兵庫県姫路市林田町林田",10000,"http://dl.ndl.go.jp/info:ndljp/pid/1177382/142",134.58063,34.90325,"https://ja.wikipedia.org/wiki/林田藩"
"対馬府中藩","長崎県対馬市厳原町桟原",100000,"http://dl.ndl.go.jp/info:ndljp/pid/1177382/142",129.28661,34.21566,"https://ja.wikipedia.org/wiki/対馬府中藩"
"相馬中村藩","福島県相馬市中村",60000,"http://dl.ndl.go.jp/info:ndljp/pid/1177382/142",140.92406,37.80194,"https://ja.wikipedia.org/wiki/相馬中村藩"
"弘前藩","青森県弘前市下白銀町",100000,"http://dl.ndl.go.jp/info:ndljp/pid/1177382/142",140.46846,40.60476,"https://ja.wikipedia.org/wiki/弘前藩"
"黒石藩","青森県黒石市内町",10000,"http://dl.ndl.go.jp/info:ndljp/pid/1177382/142",140.59178,40.64262,"https://ja.wikipedia.org/wiki/黒石藩"
"土浦藩","茨城県土浦市中央一丁目",95000,"http://dl.ndl.go.jp/info:ndljp/pid/1177382/142",140.19904,36.08323,"https://ja.wikipedia.org/wiki/土浦藩"
"盛岡藩","岩手県盛岡市内丸",200000,"http://dl.ndl.go.jp/info:ndljp/pid/1177382/142",141.15248,39.70349,"https://ja.wikipedia.org/wiki/盛岡藩"
"八戸藩","青森県八戸市内丸",20000,"http://dl.ndl.go.jp/info:ndljp/pid/1177382/142",141.48819,40.51359,"https://ja.wikipedia.org/wiki/八戸藩"
"小城藩","佐賀県小城市小城町",73252,"http://dl.ndl.go.jp/info:ndljp/pid/1177382/143",130.20053,33.2933,"https://ja.wikipedia.org/wiki/小城藩"
"蓮池藩","佐賀県佐賀市蓮池町大字蓮池",52625,"http://dl.ndl.go.jp/info:ndljp/pid/1177382/143",130.35124,33.24824,"https://ja.wikipedia.org/wiki/蓮池藩"
"鹿島藩","佐賀県鹿島市高津原",20000,"http://dl.ndl.go.jp/info:ndljp/pid/1177382/143",130.09294,33.10699,"https://ja.wikipedia.org/wiki/鹿島藩"
"岡藩","大分県竹田市大字竹田",70440,"http://dl.ndl.go.jp/info:ndljp/pid/1177382/143",131.39819,32.96812,"https://ja.wikipedia.org/wiki/岡藩"
"延岡藩","宮崎県延岡市本小路",70000,"http://dl.ndl.go.jp/info:ndljp/pid/1177382/143",131.66078,32.58203,"https://ja.wikipedia.org/wiki/延岡藩"
"村上藩","新潟県村上市本町",50090,"http://dl.ndl.go.jp/info:ndljp/pid/1177382/143",139.48642,38.22082,"https://ja.wikipedia.org/wiki/村上藩"
"高遠藩","長野県伊那市高遠町東高遠",33000,"http://dl.ndl.go.jp/info:ndljp/pid/1177382/143",138.07761,35.82804,"https://ja.wikipedia.org/wiki/高遠藩"
"挙母藩","愛知県豊田市小坂本町",20000,"http://dl.ndl.go.jp/info:ndljp/pid/1177382/143",137.15236,35.08724,"https://ja.wikipedia.org/wiki/挙母藩"
"湯長谷藩","福島県いわき市常磐下湯長谷町",15000,"http://dl.ndl.go.jp/info:ndljp/pid/1177382/143",140.85689,36.99146,"https://ja.wikipedia.org/wiki/湯長谷藩"
"岩村田藩","長野県佐久市岩村田",15000,"http://dl.ndl.go.jp/info:ndljp/pid/1177382/143",138.46635,36.26618,"https://ja.wikipedia.org/wiki/岩村田藩"
"高槻藩","大阪府高槻市城内町",36000,"http://dl.ndl.go.jp/info:ndljp/pid/1177382/143",135.62227,34.8424,"https://ja.wikipedia.org/wiki/高槻藩"
"加納藩","岐阜県岐阜市加納丸之内",32000,"http://dl.ndl.go.jp/info:ndljp/pid/1177382/143",136.76129,35.39977,"https://ja.wikipedia.org/wiki/加納藩"
"大和新庄藩","奈良県葛城市新庄",10000,"http://dl.ndl.go.jp/info:ndljp/pid/1177382/143",135.72018,34.48742,"https://ja.wikipedia.org/wiki/大和新庄藩"
"米沢藩","山形県米沢市丸の内",150000,"http://dl.ndl.go.jp/info:ndljp/pid/1177382/143",140.10503,37.90895,"https://ja.wikipedia.org/wiki/米沢藩"
"米沢新田藩","山形県米沢市丸の内",10000,"http://dl.ndl.go.jp/info:ndljp/pid/1177382/143",140.10503,37.90895,"https://ja.wikipedia.org/wiki/米沢新田藩"
"高取藩","奈良県高市郡高取町高取",25000,"http://dl.ndl.go.jp/info:ndljp/pid/1177382/143",135.81525,34.435,"https://ja.wikipedia.org/wiki/高取藩"
"小見川藩","千葉県香取市小見川",10000,"http://dl.ndl.go.jp/info:ndljp/pid/1177382/143",140.61012,35.85562,"https://ja.wikipedia.org/wiki/小見川藩"
"秋月藩","福岡県朝倉市秋月野鳥",50000,"http://dl.ndl.go.jp/info:ndljp/pid/1177382/143",130.69632,33.46998,"https://ja.wikipedia.org/wiki/秋月藩"
"久留里藩","千葉県君津市久留里",30000,"http://dl.ndl.go.jp/info:ndljp/pid/1177382/144",140.08472,35.29196,"https://ja.wikipedia.org/wiki/久留里藩"
"関宿藩","千葉県野田市関宿三軒家",48000,"http://dl.ndl.go.jp/info:ndljp/pid/1177382/144",139.78448,36.09964,"https://ja.wikipedia.org/wiki/関宿藩"
"三田藩","兵庫県三田市屋敷町",36000,"http://dl.ndl.go.jp/info:ndljp/pid/1177382/144",135.22086,34.88598,"https://ja.wikipedia.org/wiki/三田藩"
"綾部藩","京都府綾部市青野町",19500,"http://dl.ndl.go.jp/info:ndljp/pid/1177382/144",135.25569,35.30527,"https://ja.wikipedia.org/wiki/綾部藩"
"福知山藩","京都府福知山市内記",32000,"http://dl.ndl.go.jp/info:ndljp/pid/1177382/144",135.12405,35.29796,"https://ja.wikipedia.org/wiki/福知山藩"
"森藩","大分県玖珠郡玖珠町森",12500,"http://dl.ndl.go.jp/info:ndljp/pid/1177382/144",131.15828,33.30222,"https://ja.wikipedia.org/wiki/森藩"
"牛久藩","茨城県牛久市城中町",10017,"http://dl.ndl.go.jp/info:ndljp/pid/1177382/144",140.13252,35.95725,"https://ja.wikipedia.org/wiki/牛久藩"
"柳生藩","奈良県奈良市柳生町",10000,"http://dl.ndl.go.jp/info:ndljp/pid/1177382/144",135.95343,34.72792,"https://ja.wikipedia.org/wiki/柳生藩"
"黒川藩","新潟県胎内市黒川",10000,"http://dl.ndl.go.jp/info:ndljp/pid/1177382/144",139.44038,38.07948,"https://ja.wikipedia.org/wiki/黒川藩"
"三日市藩","新潟県新発田市上館",10000,"http://dl.ndl.go.jp/info:ndljp/pid/1177382/144",139.36642,37.97272,"https://ja.wikipedia.org/wiki/三日市藩"
"加賀藩","石川県金沢市丸の内",1025000,"http://dl.ndl.go.jp/info:ndljp/pid/1177382/144",136.65976,36.56605,"https://ja.wikipedia.org/wiki/加賀藩"
"富山藩","富山県富山市丸の内",100000,"http://dl.ndl.go.jp/info:ndljp/pid/1177382/144",137.20789,36.69294,"https://ja.wikipedia.org/wiki/富山藩"
"大聖寺藩","石川県加賀市大聖寺八間道",100000,"http://dl.ndl.go.jp/info:ndljp/pid/1177382/144",136.30937,36.30822,"https://ja.wikipedia.org/wiki/大聖寺藩"
"七日市藩","群馬県富岡市七日市",10014,"http://dl.ndl.go.jp/info:ndljp/pid/1177382/144",138.8797,36.25935,"https://ja.wikipedia.org/wiki/七日市藩"
"薩摩藩","鹿児島県鹿児島市城山町",605000,"http://dl.ndl.go.jp/info:ndljp/pid/1177382/144",130.55296,31.59841,"https://ja.wikipedia.org/wiki/薩摩藩"
"仙台藩","宮城県仙台市青葉区川内",620056,"http://dl.ndl.go.jp/info:ndljp/pid/1177382/144",140.85562,38.25326,"https://ja.wikipedia.org/wiki/仙台藩"
"福岡藩","福岡県福岡市中央区城内",473100,"http://dl.ndl.go.jp/info:ndljp/pid/1177382/144",130.38139,33.58515,"https://ja.wikipedia.org/wiki/福岡藩"
"広島藩","広島県広島市中区基町",426500,"http://dl.ndl.go.jp/info:ndljp/pid/1177382/144",132.45758,34.39731,"https://ja.wikipedia.org/wiki/広島藩"
"長州藩","山口県萩市堀内",369411,"http://dl.ndl.go.jp/info:ndljp/pid/1177382/145",131.38538,34.41296,"https://ja.wikipedia.org/wiki/長州藩"
"佐賀藩","佐賀県佐賀市城内",357036,"http://dl.ndl.go.jp/info:ndljp/pid/1177382/145",130.2979,33.24545,"https://ja.wikipedia.org/wiki/佐賀藩"
"鳥取藩","鳥取県鳥取市東町",320000,"http://dl.ndl.go.jp/info:ndljp/pid/1177382/145",134.23853,35.5044,"https://ja.wikipedia.org/wiki/鳥取藩"
"岡山藩","岡山県岡山市北区丸の内二丁目",315200,"http://dl.ndl.go.jp/info:ndljp/pid/1177382/145",133.93361,34.66394,"https://ja.wikipedia.org/wiki/岡山藩"
"福井藩","福井県福井市大手",320000,"http://dl.ndl.go.jp/info:ndljp/pid/1177382/145",136.22697,36.06563,"https://ja.wikipedia.org/wiki/福井藩"
"糸魚川藩","新潟県糸魚川市清崎",10000,"http://dl.ndl.go.jp/info:ndljp/pid/1177382/145",137.86052,37.03745,"https://ja.wikipedia.org/wiki/糸魚川藩"
"松江藩","島根県松江市殿町",186000,"http://dl.ndl.go.jp/info:ndljp/pid/1177382/145",133.05319,35.47463,"https://ja.wikipedia.org/wiki/松江藩"
"広瀬藩","島根県安来市広瀬町広瀬",30000,"http://dl.ndl.go.jp/info:ndljp/pid/1177382/145",133.17448,35.36593,"https://ja.wikipedia.org/wiki/広瀬藩"
"母里藩","島根県安来市伯太町西母里",10000,"http://dl.ndl.go.jp/info:ndljp/pid/1177382/145",133.27066,35.35082,"https://ja.wikipedia.org/wiki/母里藩"
"前橋藩","群馬県前橋市大手町",170000,"http://dl.ndl.go.jp/info:ndljp/pid/1177382/145",139.05923,36.39005,"https://ja.wikipedia.org/wiki/前橋藩"
"津山藩","岡山県津山市山下",100000,"http://dl.ndl.go.jp/info:ndljp/pid/1177382/145",134.0025,35.06237,"https://ja.wikipedia.org/wiki/津山藩"
"明石藩","兵庫県明石市明石公園",100000,"http://dl.ndl.go.jp/info:ndljp/pid/1177382/145",134.99307,34.65193,"https://ja.wikipedia.org/wiki/明石藩"
"会津藩","福島県会津若松市追手町",280000,"http://dl.ndl.go.jp/info:ndljp/pid/1177382/145",139.9305,37.4886,"https://ja.wikipedia.org/wiki/会津藩"
"徳島藩","徳島県徳島市徳島町",257000,"http://dl.ndl.go.jp/info:ndljp/pid/1177382/145",134.55771,34.07401,"https://ja.wikipedia.org/wiki/徳島藩"
"土佐藩","高知県高知市丸ノ内一丁目",202600,"http://dl.ndl.go.jp/info:ndljp/pid/1177382/145",133.52852,33.56128,"https://ja.wikipedia.org/wiki/土佐藩"
"伊予松山藩","愛媛県松山市丸之内",150000,"http://dl.ndl.go.jp/info:ndljp/pid/1177382/145",132.7644,33.84537,"https://ja.wikipedia.org/wiki/伊予松山藩"
"桑名藩","三重県桑名市吉之丸",110000,"http://dl.ndl.go.jp/info:ndljp/pid/1177382/145",136.69949,35.06398,"https://ja.wikipedia.org/wiki/桑名藩"
"今治藩","愛媛県今治市通町三丁目",35000,"http://dl.ndl.go.jp/info:ndljp/pid/1177382/146",133.00639,34.06339,"https://ja.wikipedia.org/wiki/今治藩"
"多胡藩","千葉県香取郡多古町多古",12000,"http://dl.ndl.go.jp/info:ndljp/pid/1177382/146",140.47115,35.73571,"https://ja.wikipedia.org/wiki/多胡藩"
"忍藩","埼玉県行田市本丸",100000,"http://dl.ndl.go.jp/info:ndljp/pid/1177382/146",139.45653,36.13823,"https://ja.wikipedia.org/wiki/忍藩"
"小幡藩","群馬県甘楽郡甘楽町小幡",20000,"http://dl.ndl.go.jp/info:ndljp/pid/1177382/146",138.92006,36.23212,"https://ja.wikipedia.org/wiki/小幡藩"
"浜田藩","島根県浜田市殿町",61000,"http://dl.ndl.go.jp/info:ndljp/pid/1177382/146",132.07812,34.90107,"https://ja.wikipedia.org/wiki/浜田藩"
"高須藩","岐阜県海津市海津町高須",30000,"http://dl.ndl.go.jp/info:ndljp/pid/1177382/146",136.63527,35.22063,"https://ja.wikipedia.org/wiki/高須藩"
"西条藩","愛媛県西条市明屋敷",30000,"http://dl.ndl.go.jp/info:ndljp/pid/1177382/146",133.17735,33.92137,"https://ja.wikipedia.org/wiki/西条藩"
"吉井藩","群馬県高崎市吉井町吉井",10000,"http://dl.ndl.go.jp/info:ndljp/pid/1177382/146",138.98631,36.25755,"https://ja.wikipedia.org/wiki/吉井藩"
"高松藩","香川県高松市玉藻町",120000,"http://dl.ndl.go.jp/info:ndljp/pid/1177382/146",134.05266,34.3506,"https://ja.wikipedia.org/wiki/高松藩"
"守山藩","福島県郡山市田村町守山",20000,"http://dl.ndl.go.jp/info:ndljp/pid/1177382/146",140.40332,37.3312,"https://ja.wikipedia.org/wiki/守山藩"
"常陸府中藩","茨城県石岡市石岡",20000,"http://dl.ndl.go.jp/info:ndljp/pid/1177382/146",140.28401,36.19432,"https://ja.wikipedia.org/wiki/常陸府中藩"
"常陸宍戸藩","茨城県笠間市平町",10000,"http://dl.ndl.go.jp/info:ndljp/pid/1177382/146",140.27072,36.35178,"https://ja.wikipedia.org/wiki/常陸宍戸藩"
"宮津藩","京都府宮津市鶴賀",70000,"http://dl.ndl.go.jp/info:ndljp/pid/1177382/146",135.19797,35.53669,"https://ja.wikipedia.org/wiki/宮津藩"
"三河吉田藩","愛知県豊橋市今橋町",70000,"http://dl.ndl.go.jp/info:ndljp/pid/1177382/146",137.39444,34.76986,"https://ja.wikipedia.org/wiki/三河吉田藩"
"大多喜藩","千葉県夷隅郡大多喜町大多喜",20000,"http://dl.ndl.go.jp/info:ndljp/pid/1177382/146",140.22989,35.28654,"https://ja.wikipedia.org/wiki/大多喜藩"
"高崎藩","群馬県高崎市高松町",82000,"http://dl.ndl.go.jp/info:ndljp/pid/1177382/146",139.0014,36.3249,"https://ja.wikipedia.org/wiki/高崎藩"
"島原藩","長崎県島原市城内",65909,"http://dl.ndl.go.jp/info:ndljp/pid/1177382/146",130.36526,32.79194,"https://ja.wikipedia.org/wiki/島原藩"
"松本藩","長野県松本市丸の内",60000,"http://dl.ndl.go.jp/info:ndljp/pid/1177382/146",137.97041,36.23853,"https://ja.wikipedia.org/wiki/松本藩"
"西尾藩","愛知県西尾市錦城町",60000,"http://dl.ndl.go.jp/info:ndljp/pid/1177382/146",137.0499,34.86663,"https://ja.wikipedia.org/wiki/西尾藩"
"府内藩","大分県大分市荷揚町",21205,"http://dl.ndl.go.jp/info:ndljp/pid/1177382/146",131.60912,33.24109,"https://ja.wikipedia.org/wiki/府内藩"
"奥殿藩","愛知県岡崎市奥殿町",16000,"http://dl.ndl.go.jp/info:ndljp/pid/1177382/147",137.20532,35.02642,"https://ja.wikipedia.org/wiki/奥殿藩"
"岩村藩","岐阜県恵那市岩村町",30000,"http://dl.ndl.go.jp/info:ndljp/pid/1177382/147",137.44041,35.36644,"https://ja.wikipedia.org/wiki/岩村藩"
"上田藩","長野県上田市二の丸",53000,"http://dl.ndl.go.jp/info:ndljp/pid/1177382/147",138.24637,36.40424,"https://ja.wikipedia.org/wiki/上田藩"
"上山藩","山形県上山市元城内",30000,"http://dl.ndl.go.jp/info:ndljp/pid/1177382/147",140.27501,38.15819,"https://ja.wikipedia.org/wiki/上山藩"
"丹波亀山藩","京都府亀岡市荒塚町",50000,"http://dl.ndl.go.jp/info:ndljp/pid/1177382/147",135.57547,35.01359,"https://ja.wikipedia.org/wiki/丹波亀山藩"
"小島藩","静岡県静岡市清水区小島本町",10000,"http://dl.ndl.go.jp/info:ndljp/pid/1177382/147",138.51498,35.08481,"https://ja.wikipedia.org/wiki/小島藩"
"棚倉藩","福島県東白川郡棚倉町棚倉",60442,"http://dl.ndl.go.jp/info:ndljp/pid/1177382/147",140.38527,37.02051,"https://ja.wikipedia.org/wiki/棚倉藩"
"尼崎藩","兵庫県尼崎市南城内",40000,"http://dl.ndl.go.jp/info:ndljp/pid/1177382/147",135.41974,34.71407,"https://ja.wikipedia.org/wiki/尼崎藩"
"杵築藩","大分県杵築市杵築",32000,"http://dl.ndl.go.jp/info:ndljp/pid/1177382/147",131.61984,33.4191,"https://ja.wikipedia.org/wiki/杵築藩"
"郡山藩","奈良県大和郡山市城内町",151288,"http://dl.ndl.go.jp/info:ndljp/pid/1177382/147",135.77728,34.65204,"https://ja.wikipedia.org/wiki/郡山藩"
"笠間藩","茨城県笠間市笠間",80000,"http://dl.ndl.go.jp/info:ndljp/pid/1177382/147",140.26637,36.37795,"https://ja.wikipedia.org/wiki/笠間藩"
"越後長岡藩","新潟県長岡市大手通",74023,"http://dl.ndl.go.jp/info:ndljp/pid/1177382/147",138.85226,37.44737,"https://ja.wikipedia.org/wiki/越後長岡藩"
"丹後田辺藩","京都府舞鶴市南田辺",35000,"http://dl.ndl.go.jp/info:ndljp/pid/1177382/147",135.33096,35.44704,"https://ja.wikipedia.org/wiki/丹後田辺藩"
"小諸藩","長野県小諸市丁",15000,"http://dl.ndl.go.jp/info:ndljp/pid/1177382/147",138.4167,36.32664,"https://ja.wikipedia.org/wiki/小諸藩"
"平戸藩","長崎県平戸市岩の上町",61700,"http://dl.ndl.go.jp/info:ndljp/pid/1177382/147",129.55731,33.35875,"https://ja.wikipedia.org/wiki/平戸藩"
"平戸新田藩","長崎県平戸市岩の上町",10000,"http://dl.ndl.go.jp/info:ndljp/pid/1177382/147",129.55731,33.35875,"https://ja.wikipedia.org/wiki/平戸新田藩"
"鯖江藩","福井県鯖江市屋形町",40000,"http://dl.ndl.go.jp/info:ndljp/pid/1177382/147",136.18365,35.94337,"https://ja.wikipedia.org/wiki/鯖江藩"
"松前藩","北海道松前郡松前町松城",30000,"http://dl.ndl.go.jp/info:ndljp/pid/1177382/147",140.10933,41.42749,"https://ja.wikipedia.org/wiki/松前藩"
"長島藩","三重県桑名市長島町西外面",20000,"http://dl.ndl.go.jp/info:ndljp/pid/1177382/147",136.6955,35.09284,"https://ja.wikipedia.org/wiki/長島藩"
"浅尾藩","岡山県総社市門田",10000,"http://dl.ndl.go.jp/info:ndljp/pid/1177382/148",133.739,34.68105,"https://ja.wikipedia.org/wiki/浅尾藩"
"園部藩","京都府南丹市園部町小桜町",26700,"http://dl.ndl.go.jp/info:ndljp/pid/1177382/148",135.47006,35.10571,"https://ja.wikipedia.org/wiki/園部藩"
"福江藩","長崎県五島市池田町",12530,"http://dl.ndl.go.jp/info:ndljp/pid/1177382/148",128.84689,32.69353,"https://ja.wikipedia.org/wiki/福江藩"
"三上藩","滋賀県野洲市三上",12000,"http://dl.ndl.go.jp/info:ndljp/pid/1177382/148",136.0246,35.05239,"https://ja.wikipedia.org/wiki/三上藩"
"久留米藩","福岡県久留米市篠山町",210000,"http://dl.ndl.go.jp/info:ndljp/pid/1177382/148",130.50659,33.32639,"https://ja.wikipedia.org/wiki/久留米藩"
"丸岡藩","福井県坂井市丸岡町霞町",50000,"http://dl.ndl.go.jp/info:ndljp/pid/1177382/148",136.27119,36.15252,"https://ja.wikipedia.org/wiki/丸岡藩"
"吹上藩","栃木県栃木市吹上町",10000,"http://dl.ndl.go.jp/info:ndljp/pid/1177382/148",139.71056,36.41306,"https://ja.wikipedia.org/wiki/吹上藩"
"備後福山藩","広島県福山市丸之内一丁目",110000,"http://dl.ndl.go.jp/info:ndljp/pid/1177382/148",133.3604,34.49203,"https://ja.wikipedia.org/wiki/備後福山藩"
"白河藩","福島県白河市郭内",100000,"http://dl.ndl.go.jp/info:ndljp/pid/1177382/148",140.21602,37.13102,"https://ja.wikipedia.org/wiki/白河藩"
"佐貫藩","千葉県富津市佐貫",16000,"http://dl.ndl.go.jp/info:ndljp/pid/1177382/148",139.89391,35.26316,"https://ja.wikipedia.org/wiki/佐貫藩"
"篠山藩","兵庫県篠山市北新町",60000,"http://dl.ndl.go.jp/info:ndljp/pid/1177382/148",135.21638,35.07494,"https://ja.wikipedia.org/wiki/篠山藩"
"郡上藩","岐阜県郡上市八幡町柳町",48000,"http://dl.ndl.go.jp/info:ndljp/pid/1177382/148",136.95761,35.75313,"https://ja.wikipedia.org/wiki/郡上藩"
"館林藩","群馬県館林市城町",60000,"http://dl.ndl.go.jp/info:ndljp/pid/1177382/148",139.54124,36.24653,"https://ja.wikipedia.org/wiki/館林藩"
"三春藩","福島県田村郡三春町大町",50000,"http://dl.ndl.go.jp/info:ndljp/pid/1177382/148",140.4928,37.44247,"https://ja.wikipedia.org/wiki/三春藩"
"磐城平藩","福島県いわき市平字旧城跡",30000,"http://dl.ndl.go.jp/info:ndljp/pid/1177382/148",140.88945,37.05994,"https://ja.wikipedia.org/wiki/磐城平藩"
"高鍋藩","宮崎県児湯郡高鍋町大字南高鍋",27000,"http://dl.ndl.go.jp/info:ndljp/pid/1177382/148",131.51013,32.1217,"https://ja.wikipedia.org/wiki/高鍋藩"
"岡部藩","埼玉県深谷市岡部",20250,"http://dl.ndl.go.jp/info:ndljp/pid/1177382/148",139.24892,36.20534,"https://ja.wikipedia.org/wiki/岡部藩"
"麻田藩","大阪府豊中市蛍池中町",10000,"http://dl.ndl.go.jp/info:ndljp/pid/1177382/148",135.44908,34.79129,"https://ja.wikipedia.org/wiki/麻田藩"
"久保田藩","秋田県秋田市千秋公園",205800,"http://dl.ndl.go.jp/info:ndljp/pid/1177382/149",140.1239,39.72304,"https://ja.wikipedia.org/wiki/久保田藩"
"庄内藩","山形県鶴岡市馬場町",170000,"http://dl.ndl.go.jp/info:ndljp/pid/1177382/149",139.82474,38.7281,"https://ja.wikipedia.org/wiki/庄内藩"
"姫路藩","兵庫県姫路市本町",150000,"http://dl.ndl.go.jp/info:ndljp/pid/1177382/149",134.69099,34.83422,"https://ja.wikipedia.org/wiki/姫路藩"
"小浜藩","福井県小浜市城内",103558,"http://dl.ndl.go.jp/info:ndljp/pid/1177382/149",135.74663,35.50337,"https://ja.wikipedia.org/wiki/小浜藩"
"出羽松山藩","山形県酒田市新屋敷",25000,"http://dl.ndl.go.jp/info:ndljp/pid/1177382/149",139.96017,38.86026,"https://ja.wikipedia.org/wiki/出羽松山藩"
"伊勢崎藩","群馬県伊勢崎市曲輪町",20000,"http://dl.ndl.go.jp/info:ndljp/pid/1177382/149",139.18973,36.3249,"https://ja.wikipedia.org/wiki/伊勢崎藩"
"安房勝山藩","千葉県安房郡鋸南町勝山",12000,"http://dl.ndl.go.jp/info:ndljp/pid/1177382/149",139.8291,35.11,"https://ja.wikipedia.org/wiki/安房勝山藩"
"敦賀藩","福井県敦賀市鞠山",10000,"http://dl.ndl.go.jp/info:ndljp/pid/1177382/149",136.07968,35.67938,"https://ja.wikipedia.org/wiki/敦賀藩"
"高田藩","新潟県上越市本城町",150000,"http://dl.ndl.go.jp/info:ndljp/pid/1177382/149",138.25702,37.1103,"https://ja.wikipedia.org/wiki/高田藩"
"松代藩","長野県長野市松代町松代",100000,"http://dl.ndl.go.jp/info:ndljp/pid/1177382/149",138.19884,36.56311,"https://ja.wikipedia.org/wiki/松代藩"
"人吉藩","熊本県人吉市麓町",22000,"http://dl.ndl.go.jp/info:ndljp/pid/1177382/149",130.76347,32.20905,"https://ja.wikipedia.org/wiki/人吉藩"
"丸亀藩","香川県丸亀市一番丁",51512,"http://dl.ndl.go.jp/info:ndljp/pid/1177382/149",133.7999,34.28639,"https://ja.wikipedia.org/wiki/丸亀藩"
"豊岡藩","兵庫県豊岡市京町",15000,"http://dl.ndl.go.jp/info:ndljp/pid/1177382/149",134.82062,35.54137,"https://ja.wikipedia.org/wiki/豊岡藩"
"峰山藩","京都府京丹後市峰山町吉原",11144,"http://dl.ndl.go.jp/info:ndljp/pid/1177382/149",135.05319,35.62963,"https://ja.wikipedia.org/wiki/峰山藩"
"多度津藩","香川県仲多度郡多度津町家中",10000,"http://dl.ndl.go.jp/info:ndljp/pid/1177382/149",133.75444,34.27568,"https://ja.wikipedia.org/wiki/多度津藩"
"日出藩","大分県速見郡日出町",25000,"http://dl.ndl.go.jp/info:ndljp/pid/1177382/149",131.45985,33.37159,"https://ja.wikipedia.org/wiki/日出藩"
"足守藩","岡山県岡山市北区足守",25000,"http://dl.ndl.go.jp/info:ndljp/pid/1177382/149",133.80089,34.7279,"https://ja.wikipedia.org/wiki/足守藩"
"新発田藩","新潟県新発田市大手町",100000,"http://dl.ndl.go.jp/info:ndljp/pid/1177382/149",139.32405,37.95028,"https://ja.wikipedia.org/wiki/新発田藩"
"沼津藩","静岡県沼津市大手町",50000,"http://dl.ndl.go.jp/info:ndljp/pid/1177382/150",138.8627,35.10357,"https://ja.wikipedia.org/wiki/沼津藩"
"山形藩","山形県山形市霞城町",50000,"http://dl.ndl.go.jp/info:ndljp/pid/1177382/150",140.3287,38.25608,"https://ja.wikipedia.org/wiki/山形藩"
"結城藩","茨城県結城市結城",18000,"http://dl.ndl.go.jp/info:ndljp/pid/1177382/150",139.8737,36.29473,"https://ja.wikipedia.org/wiki/結城藩"
"鶴牧藩","千葉県市原市椎津",15000,"http://dl.ndl.go.jp/info:ndljp/pid/1177382/150",140.03716,35.45971,"https://ja.wikipedia.org/wiki/鶴牧藩"
"美作勝山藩","岡山県真庭市勝山",23000,"http://dl.ndl.go.jp/info:ndljp/pid/1177382/150",133.69173,35.08699,"https://ja.wikipedia.org/wiki/美作勝山藩"
"田原藩","愛知県田原市田原町巴江",12072,"http://dl.ndl.go.jp/info:ndljp/pid/1177382/150",137.27032,34.67523,"https://ja.wikipedia.org/wiki/田原藩"
"佐土原藩","宮崎県宮崎市佐土原町上田島",27070,"http://dl.ndl.go.jp/info:ndljp/pid/1177382/150",131.42967,32.04858,"https://ja.wikipedia.org/wiki/佐土原藩"
"麻生藩","茨城県行方市麻生",10000,"http://dl.ndl.go.jp/info:ndljp/pid/1177382/150",140.48483,35.99019,"https://ja.wikipedia.org/wiki/麻生藩"
"菰野藩","三重県三重郡菰野町菰野",11000,"http://dl.ndl.go.jp/info:ndljp/pid/1177382/150",136.48105,35.00646,"https://ja.wikipedia.org/wiki/菰野藩"
"小野藩","兵庫県小野市西本町",10000,"http://dl.ndl.go.jp/info:ndljp/pid/1177382/150",134.933,34.84502,"https://ja.wikipedia.org/wiki/小野藩"
"小松藩","愛媛県西条市小松町新屋敷",10000,"http://dl.ndl.go.jp/info:ndljp/pid/1177382/150",133.11064,33.89582,"https://ja.wikipedia.org/wiki/小松藩"
"長府藩","山口県下関市長府宮崎町",50000,"http://dl.ndl.go.jp/info:ndljp/pid/1177382/150",130.99249,33.99147,"https://ja.wikipedia.org/wiki/長府藩"
"徳山藩","山口県周南市徳山",40010,"http://dl.ndl.go.jp/info:ndljp/pid/1177382/150",131.81442,34.05463,"https://ja.wikipedia.org/wiki/徳山藩"
"佐伯藩","大分県佐伯市大手町",20000,"http://dl.ndl.go.jp/info:ndljp/pid/1177382/150",131.89243,32.95686,"https://ja.wikipedia.org/wiki/佐伯藩"
"清末藩","山口県下関市清末",10000,"http://dl.ndl.go.jp/info:ndljp/pid/1177382/150",131.02957,34.06361,"https://ja.wikipedia.org/wiki/清末藩"
"赤穂藩","兵庫県赤穂市上仮屋",20000,"http://dl.ndl.go.jp/info:ndljp/pid/1177382/150",134.38803,34.74786,"https://ja.wikipedia.org/wiki/赤穂藩"
"三日月藩","兵庫県佐用郡佐用町三日月",15000,"http://dl.ndl.go.jp/info:ndljp/pid/1177382/150",134.4427,34.9798,"https://ja.wikipedia.org/wiki/三日月藩"
"生実藩","千葉県千葉市中央区生実町",10000,"http://dl.ndl.go.jp/info:ndljp/pid/1177382/150",140.15024,35.56475,"https://ja.wikipedia.org/wiki/生実藩"
"出石藩","兵庫県豊岡市出石町内町",30000,"http://dl.ndl.go.jp/info:ndljp/pid/1177382/151",134.87279,35.46062,"https://ja.wikipedia.org/wiki/出石藩"
"新見藩","岡山県新見市新見",18000,"http://dl.ndl.go.jp/info:ndljp/pid/1177382/151",133.47281,34.98388,"https://ja.wikipedia.org/wiki/新見藩"
"諏訪藩","長野県諏訪市高島",30000,"http://dl.ndl.go.jp/info:ndljp/pid/1177382/151",138.11111,36.03765,"https://ja.wikipedia.org/wiki/諏訪藩"
